"timestamp [UTC]",message,severityLevel,"operation_Name"
"7/16/2026, 5:31:08.513 PM","The WebRootPath was not found: /app/wwwroot. Static files may be unavailable.",2,
"7/16/2026, 5:31:08.355 PM","No XML encryptor configured. Key {e75fe83c-1fdb-4256-98b3-9bf9e6cf1de1} may be persisted to storage in unencrypted form.",2,
"7/16/2026, 5:31:08.339 PM","Storing keys in a directory '/home/app/.aspnet/DataProtection-Keys' that may not be persisted outside of the container. Protected data will be unavailable when container is destroyed. For more information go to https://aka.ms/aspnet/dataprotectionwarning",2,
"7/16/2026, 5:31:08.327 PM","Medicine Delivery API is starting up. Environment=Production, BuildTimeUtc=""2026-07-16T17:29:55.0000000Z""",1,
"7/16/2026, 5:31:08.306 PM","Application configured and ready to start",1,
"7/16/2026, 5:20:37.611 PM","The WebRootPath was not found: /app/wwwroot. Static files may be unavailable.",2,
"7/16/2026, 5:20:37.454 PM","No XML encryptor configured. Key {3a7a97f9-858d-40b3-98e7-4a3a6f71b166} may be persisted to storage in unencrypted form.",2,
"7/16/2026, 5:20:37.438 PM","Storing keys in a directory '/home/app/.aspnet/DataProtection-Keys' that may not be persisted outside of the container. Protected data will be unavailable when container is destroyed. For more information go to https://aka.ms/aspnet/dataprotectionwarning",2,
"7/16/2026, 5:20:37.426 PM","Medicine Delivery API is starting up. Environment=Production, BuildTimeUtc=""2026-07-16T17:19:14.0000000Z""",1,
"7/16/2026, 5:20:37.405 PM","Application configured and ready to start",1,
"7/16/2026, 4:44:28.014 PM","HTTP POST /api/Customers/register responded 201 in 521.4654 ms",1,
"7/16/2026, 4:44:28.011 PM","Customer address ""e2fbd1d4-72c4-4ed6-b306-fe7d158e9e90"" created successfully for customer ""99420bab-d790-4ada-bf71-df7dde49dc8d""",1,
"7/16/2026, 4:44:27.935 PM","Creating customer address for customer ""99420bab-d790-4ada-bf71-df7dde49dc8d"", IsDefault: true",1,
"7/16/2026, 4:44:27.935 PM","Customer registered successfully with CustomerId ""99420bab-d790-4ada-bf71-df7dde49dc8d"" and mobile number 7904376301",1,
"7/16/2026, 4:41:19.913 PM","HTTP GET /api/CustomerAddresses/customer/9673e6a3-f594-43fc-bb99-b5960d0d2491/default responded 200 in 12.3290 ms",1,
"7/16/2026, 4:41:15.225 PM","HTTP GET /api/Consents/active responded 403 in 83.5411 ms",1,
"7/16/2026, 4:41:15.225 PM","Authorization denied: UserId 0f61937e-6583-4cf7-99da-fa2ebf1d447c lacks permission 'ReadConsents'",2,
"7/16/2026, 4:41:15.090 PM","HTTP GET /api/api/consent/retailer/check responded 404 in 0.4840 ms",1,
"7/16/2026, 4:41:14.939 PM","HTTP POST /api/Auth/login responded 200 in 365.8955 ms",1,
"7/16/2026, 4:41:14.938 PM","Login successful for mobile number: 9486740337",1,
"7/16/2026, 4:41:14.938 PM","Login successful for mobile number: 9486740337, user ID: 0f61937e-6583-4cf7-99da-fa2ebf1d447c",1,
"7/16/2026, 4:41:14.579 PM","Attempting login for mobile number: 9486740337",1,
"7/16/2026, 4:41:14.579 PM","Login attempt for mobile number: 9486740337",1,
"7/16/2026, 4:40:44.420 PM","HTTP POST /api/Customers/register responded 201 in 910.3272 ms",1,
"7/16/2026, 4:40:44.417 PM","Customer address ""a5c295ef-0fe3-4d2d-844c-511caac1d575"" created successfully for customer ""9673e6a3-f594-43fc-bb99-b5960d0d2491""",1,
"7/16/2026, 4:40:44.333 PM","Creating customer address for customer ""9673e6a3-f594-43fc-bb99-b5960d0d2491"", IsDefault: true",1,
"7/16/2026, 4:40:44.333 PM","Customer registered successfully with CustomerId ""9673e6a3-f594-43fc-bb99-b5960d0d2491"" and mobile number 9486740337",1,
"7/16/2026, 4:36:53.673 PM","HTTP GET /api/CustomerAddresses/customer/e13fefb0-9901-4dd8-8402-fb69bface0a5/default responded 200 in 14.8227 ms",1,
"7/16/2026, 4:36:50.675 PM","HTTP GET /api/Consents/active responded 403 in 9.6729 ms",1,
"7/16/2026, 4:36:50.674 PM","Authorization denied: UserId be5335b8-24e1-4da7-b751-d086d42adbd0 lacks permission 'ReadConsents'",2,
"7/16/2026, 4:36:50.603 PM","HTTP GET /api/api/consent/retailer/check responded 404 in 0.3365 ms",1,
"7/16/2026, 4:36:50.430 PM","HTTP POST /api/Auth/login responded 200 in 521.0180 ms",1,
"7/16/2026, 4:36:50.429 PM","Login successful for mobile number: 9440690946",1,
"7/16/2026, 4:36:50.429 PM","Login successful for mobile number: 9440690946, user ID: be5335b8-24e1-4da7-b751-d086d42adbd0",1,
"7/16/2026, 4:36:49.912 PM","Attempting login for mobile number: 9440690946",1,
"7/16/2026, 4:36:49.912 PM","Login attempt for mobile number: 9440690946",1,
"7/16/2026, 4:36:11.116 PM","HTTP POST /api/Customers/register responded 201 in 1891.9223 ms",1,
"7/16/2026, 4:36:10.945 PM","Customer address ""60cdc105-504e-4131-8633-a216a0e7276d"" created successfully for customer ""e13fefb0-9901-4dd8-8402-fb69bface0a5""",1,
"7/16/2026, 4:36:10.836 PM","Creating customer address for customer ""e13fefb0-9901-4dd8-8402-fb69bface0a5"", IsDefault: true",1,
"7/16/2026, 4:36:10.834 PM","Customer registered successfully with CustomerId ""e13fefb0-9901-4dd8-8402-fb69bface0a5"" and mobile number 9440690946",1,
"7/16/2026, 4:33:09.715 PM","HTTP GET /api/CustomerAddresses/customer/4a675732-ac9a-4868-8e0d-18730ffe2e6e/default responded 200 in 689.9056 ms",1,
"7/16/2026, 4:33:07.000 PM","HTTP GET /api/Consents/active responded 403 in 162.7674 ms",1,
"7/16/2026, 4:33:06.998 PM","Authorization denied: UserId 31b378c2-11f3-4f78-9c26-902d8a4411e5 lacks permission 'ReadConsents'",2,
"7/16/2026, 4:33:06.791 PM","HTTP GET /api/api/consent/retailer/check responded 404 in 24.1547 ms",1,
"7/16/2026, 4:33:06.539 PM","HTTP POST /api/Auth/login responded 200 in 1654.6918 ms",1,
"7/16/2026, 4:33:06.522 PM","Login successful for mobile number: 7696007555",1,
"7/16/2026, 4:33:06.521 PM","Login successful for mobile number: 7696007555, user ID: 31b378c2-11f3-4f78-9c26-902d8a4411e5",1,
"7/16/2026, 4:33:05.038 PM","Attempting login for mobile number: 7696007555",1,
"7/16/2026, 4:33:05.037 PM","Login attempt for mobile number: 7696007555",1,
"7/16/2026, 4:33:04.885 PM","Failed to determine the https port for redirect.",2,
"7/16/2026, 4:33:01.411 PM","The WebRootPath was not found: /app/wwwroot. Static files may be unavailable.",2,
"7/16/2026, 4:33:01.260 PM","No XML encryptor configured. Key {a125b707-0058-4324-8380-b7a44da71d20} may be persisted to storage in unencrypted form.",2,
"7/16/2026, 4:33:01.244 PM","Storing keys in a directory '/home/app/.aspnet/DataProtection-Keys' that may not be persisted outside of the container. Protected data will be unavailable when container is destroyed. For more information go to https://aka.ms/aspnet/dataprotectionwarning",2,
"7/16/2026, 4:33:01.233 PM","Medicine Delivery API is starting up. Environment=Production, BuildTimeUtc=""2026-07-15T18:41:56.0000000Z""",1,
"7/16/2026, 4:33:01.212 PM","Application configured and ready to start",1,
"7/16/2026, 3:44:40.160 PM","HTTP GET /api/CustomerAddresses/customer/4a675732-ac9a-4868-8e0d-18730ffe2e6e/default responded 200 in 78.1684 ms",1,
"7/16/2026, 3:44:37.876 PM","HTTP GET /api/Consents/active responded 403 in 420.5839 ms",1,
"7/16/2026, 3:44:37.874 PM","Authorization denied: UserId 31b378c2-11f3-4f78-9c26-902d8a4411e5 lacks permission 'ReadConsents'",2,
"7/16/2026, 3:44:37.377 PM","HTTP GET /api/api/consent/retailer/check responded 404 in 96.8831 ms",1,
"7/16/2026, 3:44:36.978 PM","HTTP POST /api/Auth/login responded 200 in 934.4835 ms",1,
"7/16/2026, 3:44:36.976 PM","Login successful for mobile number: 7696007555",1,
"7/16/2026, 3:44:36.975 PM","Login successful for mobile number: 7696007555, user ID: 31b378c2-11f3-4f78-9c26-902d8a4411e5",1,
"7/16/2026, 3:44:36.060 PM","Attempting login for mobile number: 7696007555",1,
"7/16/2026, 3:44:36.059 PM","Login attempt for mobile number: 7696007555",1,
"7/16/2026, 3:44:03.025 PM","HTTP POST /api/Customers/register responded 201 in 1877.1638 ms",1,
"7/16/2026, 3:44:02.972 PM","Customer address ""e91ab657-224f-4c71-bebb-9b53aca01567"" created successfully for customer ""4a675732-ac9a-4868-8e0d-18730ffe2e6e""",1,
"7/16/2026, 3:44:02.915 PM","Creating customer address for customer ""4a675732-ac9a-4868-8e0d-18730ffe2e6e"", IsDefault: true",1,
"7/16/2026, 3:44:02.912 PM","Customer registered successfully with CustomerId ""4a675732-ac9a-4868-8e0d-18730ffe2e6e"" and mobile number 7696007555",1,
"7/16/2026, 3:44:01.149 PM","Failed to determine the https port for redirect.",2,
"7/16/2026, 3:43:57.666 PM","The WebRootPath was not found: /app/wwwroot. Static files may be unavailable.",2,
"7/16/2026, 3:43:57.495 PM","No XML encryptor configured. Key {3aab9d6b-da88-4e70-bb55-a481f3e8bfba} may be persisted to storage in unencrypted form.",2,
"7/16/2026, 3:43:57.479 PM","Storing keys in a directory '/home/app/.aspnet/DataProtection-Keys' that may not be persisted outside of the container. Protected data will be unavailable when container is destroyed. For more information go to https://aka.ms/aspnet/dataprotectionwarning",2,
"7/16/2026, 3:43:57.468 PM","Medicine Delivery API is starting up. Environment=Production, BuildTimeUtc=""2026-07-15T18:41:56.0000000Z""",1,
"7/16/2026, 3:43:57.447 PM","Application configured and ready to start",1,
"7/16/2026, 3:16:54.353 PM","HTTP GET /api/CustomerAddresses/customer/c585687b-f6b8-4556-8390-e0683c33f2a2/default responded 200 in 26.6154 ms",1,
"7/16/2026, 3:16:49.455 PM","HTTP GET /api/Consents/active responded 403 in 412.0381 ms",1,
"7/16/2026, 3:16:49.453 PM","Authorization denied: UserId b6b137b9-9801-438b-908f-44a25f1a1109 lacks permission 'ReadConsents'",2,
"7/16/2026, 3:16:48.247 PM","HTTP GET /api/api/consent/retailer/check responded 404 in 23.7089 ms",1,
"7/16/2026, 3:16:42.151 PM","HTTP POST /api/Auth/login responded 200 in 1060.8553 ms",1,
"7/16/2026, 3:16:42.148 PM","Login successful for mobile number: 9600704143",1,
"7/16/2026, 3:16:42.148 PM","Login successful for mobile number: 9600704143, user ID: b6b137b9-9801-438b-908f-44a25f1a1109",1,
"7/16/2026, 3:16:41.105 PM","Attempting login for mobile number: 9600704143",1,
"7/16/2026, 3:16:41.104 PM","Login attempt for mobile number: 9600704143",1,
"7/16/2026, 3:16:08.941 PM","HTTP POST /api/Customers/register responded 201 in 3295.3079 ms",1,
"7/16/2026, 3:16:08.739 PM","Customer address ""c3324485-36f0-4063-9b48-9b441bec1b70"" created successfully for customer ""c585687b-f6b8-4556-8390-e0683c33f2a2""",1,
"7/16/2026, 3:16:08.452 PM","Creating customer address for customer ""c585687b-f6b8-4556-8390-e0683c33f2a2"", IsDefault: true",1,
"7/16/2026, 3:16:08.450 PM","Customer registered successfully with CustomerId ""c585687b-f6b8-4556-8390-e0683c33f2a2"" and mobile number 9600704143",1,
"7/16/2026, 3:16:05.647 PM","Failed to determine the https port for redirect.",2,
"7/16/2026, 3:16:01.597 PM","The WebRootPath was not found: /app/wwwroot. Static files may be unavailable.",2,
"7/16/2026, 3:16:01.454 PM","No XML encryptor configured. Key {7c3c6781-45c7-4dc4-a443-b95a104aade3} may be persisted to storage in unencrypted form.",2,
"7/16/2026, 3:16:01.439 PM","Storing keys in a directory '/home/app/.aspnet/DataProtection-Keys' that may not be persisted outside of the container. Protected data will be unavailable when container is destroyed. For more information go to https://aka.ms/aspnet/dataprotectionwarning",2,
"7/16/2026, 3:16:01.428 PM","Medicine Delivery API is starting up. Environment=Production, BuildTimeUtc=""2026-07-15T18:41:56.0000000Z""",1,
"7/16/2026, 3:16:01.408 PM","Application configured and ready to start",1,
"7/16/2026, 2:59:36.343 PM","HTTP POST /api/Customers/register responded 201 in 1280.2836 ms",1,
"7/16/2026, 2:59:36.295 PM","Customer address ""71d194e2-094e-4b29-8a1d-e955ac09ac4d"" created successfully for customer ""7153d37d-9c27-4b52-936d-8cad1da0e781""",1,
"7/16/2026, 2:59:36.287 PM","Creating customer address for customer ""7153d37d-9c27-4b52-936d-8cad1da0e781"", IsDefault: true",1,
"7/16/2026, 2:59:36.287 PM","Customer registered successfully with CustomerId ""7153d37d-9c27-4b52-936d-8cad1da0e781"" and mobile number 7077450606",1,
"7/16/2026, 2:54:28.285 PM","HTTP GET /api/CustomerAddresses/customer/b75ef7b1-79f2-40f0-aae2-3bb20e448252/default responded 200 in 225.8880 ms",1,
"7/16/2026, 2:52:43.587 PM","HTTP GET /api/Consents/active responded 403 in 11.3266 ms",1,
"7/16/2026, 2:52:43.587 PM","Authorization denied: UserId a0a92060-4a25-4241-a75e-baf76bb09410 lacks permission 'ReadConsents'",2,
"7/16/2026, 2:52:43.530 PM","HTTP GET /api/api/consent/retailer/check responded 404 in 0.3717 ms",1,
"7/16/2026, 2:52:43.357 PM","HTTP POST /api/Auth/login responded 200 in 515.8890 ms",1,
"7/16/2026, 2:52:43.357 PM","Login successful for mobile number: 7646561027",1,
"7/16/2026, 2:52:43.357 PM","Login successful for mobile number: 7646561027, user ID: a0a92060-4a25-4241-a75e-baf76bb09410",1,
"7/16/2026, 2:52:42.847 PM","Attempting login for mobile number: 7646561027",1,
"7/16/2026, 2:52:42.847 PM","Login attempt for mobile number: 7646561027",1,
"7/16/2026, 2:52:01.688 PM","HTTP POST /api/Customers/register responded 201 in 888.4583 ms",1,
"7/16/2026, 2:52:01.684 PM","Customer address ""8bfaf158-ea4b-4e44-ac01-82a7aa973b4c"" created successfully for customer ""b75ef7b1-79f2-40f0-aae2-3bb20e448252""",1,
"7/16/2026, 2:52:01.595 PM","Creating customer address for customer ""b75ef7b1-79f2-40f0-aae2-3bb20e448252"", IsDefault: true",1,
"7/16/2026, 2:52:01.595 PM","Customer registered successfully with CustomerId ""b75ef7b1-79f2-40f0-aae2-3bb20e448252"" and mobile number 7646561027",1,
"7/16/2026, 2:48:00.551 PM","HTTP GET /api/CustomerAddresses/customer/ee079807-2a70-477d-a5b8-7112cb9099f4/default responded 200 in 1310.5691 ms",1,
"7/16/2026, 2:47:54.569 PM","HTTP GET /api/Consents/active responded 403 in 9.7835 ms",1,
"7/16/2026, 2:47:54.569 PM","Authorization denied: UserId 7f50f297-6389-4d61-8109-0c00b9b5bf24 lacks permission 'ReadConsents'",2,
"7/16/2026, 2:47:54.517 PM","HTTP GET /api/api/consent/retailer/check responded 404 in 0.5022 ms",1,
"7/16/2026, 2:47:54.343 PM","HTTP POST /api/Auth/login responded 200 in 411.0636 ms",1,
"7/16/2026, 2:47:54.343 PM","Login successful for mobile number: 8766549201",1,
"7/16/2026, 2:47:54.343 PM","Login successful for mobile number: 8766549201, user ID: 7f50f297-6389-4d61-8109-0c00b9b5bf24",1,
"7/16/2026, 2:47:53.936 PM","Attempting login for mobile number: 8766549201",1,
"7/16/2026, 2:47:53.936 PM","Login attempt for mobile number: 8766549201",1,
"7/16/2026, 2:47:20.107 PM","HTTP POST /api/Customers/register responded 201 in 1733.9733 ms",1,
"7/16/2026, 2:47:20.006 PM","Customer address ""a9326d71-ff7b-4c24-988b-9e99c0d97e9a"" created successfully for customer ""ee079807-2a70-477d-a5b8-7112cb9099f4""",1,
"7/16/2026, 2:47:19.896 PM","Creating customer address for customer ""ee079807-2a70-477d-a5b8-7112cb9099f4"", IsDefault: true",1,
"7/16/2026, 2:47:19.894 PM","Customer registered successfully with CustomerId ""ee079807-2a70-477d-a5b8-7112cb9099f4"" and mobile number 8766549201",1,
"7/16/2026, 2:43:02.289 PM","HTTP GET /api/CustomerAddresses/customer/fdce0b9a-c484-4f11-a758-1abd567d6ac8/default responded 200 in 609.7863 ms",1,
"7/16/2026, 2:42:58.745 PM","HTTP GET /api/Consents/active responded 403 in 159.6387 ms",1,
"7/16/2026, 2:42:58.743 PM","Authorization denied: UserId c1133d28-e0d7-4165-bf4a-180ceddb60c5 lacks permission 'ReadConsents'",2,
"7/16/2026, 2:42:58.532 PM","HTTP GET /api/api/consent/retailer/check responded 404 in 25.0784 ms",1,
"7/16/2026, 2:42:58.206 PM","HTTP POST /api/Auth/login responded 200 in 1563.9887 ms",1,
"7/16/2026, 2:42:58.188 PM","Login successful for mobile number: 7698897660",1,
"7/16/2026, 2:42:58.187 PM","Login successful for mobile number: 7698897660, user ID: c1133d28-e0d7-4165-bf4a-180ceddb60c5",1,
"7/16/2026, 2:42:56.779 PM","Attempting login for mobile number: 7698897660",1,
"7/16/2026, 2:42:56.778 PM","Login attempt for mobile number: 7698897660",1,
"7/16/2026, 2:42:56.643 PM","Failed to determine the https port for redirect.",2,
"7/16/2026, 2:42:53.365 PM","The WebRootPath was not found: /app/wwwroot. Static files may be unavailable.",2,
"7/16/2026, 2:42:53.218 PM","No XML encryptor configured. Key {218b884c-b05f-4096-a379-f7a089744343} may be persisted to storage in unencrypted form.",2,
"7/16/2026, 2:42:53.203 PM","Storing keys in a directory '/home/app/.aspnet/DataProtection-Keys' that may not be persisted outside of the container. Protected data will be unavailable when container is destroyed. For more information go to https://aka.ms/aspnet/dataprotectionwarning",2,
"7/16/2026, 2:42:53.192 PM","Medicine Delivery API is starting up. Environment=Production, BuildTimeUtc=""2026-07-15T18:41:56.0000000Z""",1,
"7/16/2026, 2:42:53.172 PM","Application configured and ready to start",1,
"7/16/2026, 11:53:16.771 AM","HTTP POST /api/Auth/login responded 400 in 1307.3689 ms",1,
"7/16/2026, 11:53:16.753 AM","Login failed for mobile number: 8766549201. Errors: Invalid mobile number or password",2,
"7/16/2026, 11:53:16.753 AM","Login failed - user not found for mobile number: 8766549201",2,
"7/16/2026, 11:53:15.602 AM","Attempting login for mobile number: 8766549201",1,
"7/16/2026, 11:53:15.601 AM","Login attempt for mobile number: 8766549201",1,
"7/16/2026, 11:53:15.464 AM","Failed to determine the https port for redirect.",2,
"7/16/2026, 11:53:12.078 AM","The WebRootPath was not found: /app/wwwroot. Static files may be unavailable.",2,
"7/16/2026, 11:53:11.925 AM","No XML encryptor configured. Key {89019c8f-d24a-4d7a-8302-25d14ff23dfe} may be persisted to storage in unencrypted form.",2,
"7/16/2026, 11:53:11.909 AM","Storing keys in a directory '/home/app/.aspnet/DataProtection-Keys' that may not be persisted outside of the container. Protected data will be unavailable when container is destroyed. For more information go to https://aka.ms/aspnet/dataprotectionwarning",2,
"7/16/2026, 11:53:11.896 AM","Medicine Delivery API is starting up. Environment=Production, BuildTimeUtc=""2026-07-15T18:41:56.0000000Z""",1,
"7/16/2026, 11:53:11.876 AM","Application configured and ready to start",1,
"7/16/2026, 11:04:48.345 AM","HTTP GET /api/MedicalStores/6049002c-c769-4e4e-8b38-589e16d5caa0 responded 200 in 82.9594 ms",1,
"7/16/2026, 11:04:48.144 AM","HTTP GET /api/Customers/5a08ff5b-218c-4384-b1a9-ac0a49dfc6bd responded 200 in 113.4158 ms",1,
"7/16/2026, 11:04:47.899 AM","HTTP GET /api/Customers/38ab9dcf-18bd-4de0-b37b-e5290607dfd3 responded 200 in 35.2015 ms",1,
"7/16/2026, 11:04:47.817 AM","HTTP GET /api/Orders responded 200 in 214.5141 ms",1,
"7/16/2026, 11:04:28.165 AM","HTTP GET /api/CustomerSupports responded 200 in 260.1809 ms",1,
"7/16/2026, 11:04:28.159 AM","HTTP GET /api/Managers responded 200 in 257.1465 ms",1,
"7/16/2026, 11:04:28.066 AM","HTTP GET /api/Customers responded 200 in 159.5774 ms",1,
"7/16/2026, 11:04:27.964 AM","HTTP GET /api/MedicalStores responded 200 in 57.7651 ms",1,
"7/16/2026, 11:04:27.962 AM","HTTP GET /api/Deliveries responded 200 in 55.4006 ms",1,
"7/16/2026, 11:04:22.661 AM","HTTP GET /api/MedicalStores/6049002c-c769-4e4e-8b38-589e16d5caa0 responded 200 in 138.6983 ms",1,
"7/16/2026, 11:04:22.475 AM","HTTP GET /api/Customers/5a08ff5b-218c-4384-b1a9-ac0a49dfc6bd responded 200 in 73.5031 ms",1,
"7/16/2026, 11:04:22.380 AM","HTTP GET /api/Customers/38ab9dcf-18bd-4de0-b37b-e5290607dfd3 responded 200 in 53.2551 ms",1,
"7/16/2026, 11:04:22.278 AM","HTTP GET /api/Orders responded 200 in 205.3649 ms",1,
"7/16/2026, 11:04:09.922 AM","HTTP GET /api/MedicalStores/6049002c-c769-4e4e-8b38-589e16d5caa0 responded 200 in 20.4239 ms",1,
"7/16/2026, 11:04:09.880 AM","HTTP GET /api/Customers/5a08ff5b-218c-4384-b1a9-ac0a49dfc6bd responded 200 in 29.7672 ms",1,
"7/16/2026, 11:04:09.824 AM","HTTP GET /api/Customers/38ab9dcf-18bd-4de0-b37b-e5290607dfd3 responded 200 in 37.7716 ms",1,
"7/16/2026, 11:04:09.693 AM","HTTP GET /api/Orders responded 200 in 212.3885 ms",1,
"7/16/2026, 11:04:05.181 AM","HTTP GET /api/CustomerSupports responded 200 in 886.2845 ms",1,
"7/16/2026, 11:04:05.138 AM","HTTP GET /api/Managers responded 200 in 852.9953 ms",1,
"7/16/2026, 11:04:04.463 AM","HTTP GET /api/Customers responded 200 in 175.5308 ms",1,
"7/16/2026, 11:04:04.368 AM","HTTP GET /api/Deliveries responded 200 in 70.6421 ms",1,
"7/16/2026, 11:04:04.295 AM","HTTP GET /api/MedicalStores responded 200 in 10.2640 ms",1,
"7/16/2026, 11:01:58.466 AM","HTTP GET /api/Managers responded 200 in 251.5827 ms",1,
"7/16/2026, 11:01:58.431 AM","HTTP GET /api/CustomerSupports responded 200 in 221.6297 ms",1,
"7/16/2026, 11:01:58.374 AM","HTTP GET /api/Customers responded 200 in 156.6046 ms",1,
"7/16/2026, 11:01:58.359 AM","HTTP GET /api/Deliveries responded 200 in 143.3749 ms",1,
"7/16/2026, 11:01:58.260 AM","HTTP GET /api/MedicalStores responded 200 in 51.2705 ms",1,
"7/16/2026, 11:01:51.354 AM","HTTP GET /api/MedicalStores/6049002c-c769-4e4e-8b38-589e16d5caa0 responded 200 in 19.6995 ms",1,
"7/16/2026, 11:01:51.169 AM","HTTP GET /api/Customers/5a08ff5b-218c-4384-b1a9-ac0a49dfc6bd responded 200 in 107.4529 ms",1,
"7/16/2026, 11:01:50.841 AM","HTTP GET /api/Customers/38ab9dcf-18bd-4de0-b37b-e5290607dfd3 responded 200 in 165.7731 ms",1,
"7/16/2026, 11:01:50.626 AM","HTTP GET /api/Orders responded 200 in 218.2098 ms",1,
"7/16/2026, 11:01:44.469 AM","HTTP GET /api/CustomerSupports responded 200 in 872.0342 ms",1,
"7/16/2026, 11:01:44.275 AM","HTTP GET /api/Managers responded 200 in 688.6144 ms",1,
"7/16/2026, 11:01:44.265 AM","HTTP GET /api/Deliveries responded 200 in 605.6364 ms",1,
"7/16/2026, 11:01:44.072 AM","HTTP GET /api/MedicalStores responded 200 in 484.9412 ms",1,
"7/16/2026, 11:01:43.769 AM","HTTP GET /api/Customers responded 200 in 110.1746 ms",1,
"7/16/2026, 11:01:21.775 AM","HTTP GET /api/MedicalStores/6049002c-c769-4e4e-8b38-589e16d5caa0 responded 200 in 43.3607 ms",1,
"7/16/2026, 11:01:21.679 AM","HTTP GET /api/Customers/5a08ff5b-218c-4384-b1a9-ac0a49dfc6bd responded 200 in 24.6695 ms",1,
"7/16/2026, 11:01:21.587 AM","HTTP GET /api/Customers/38ab9dcf-18bd-4de0-b37b-e5290607dfd3 responded 200 in 42.7645 ms",1,
"7/16/2026, 11:01:21.460 AM","HTTP GET /api/Orders responded 200 in 273.4148 ms",1,
"7/16/2026, 11:01:06.831 AM","HTTP GET /api/Orders responded 200 in 1055.4959 ms",1,
"7/16/2026, 11:01:05.678 AM","HTTP GET /api/MedicalStores responded 200 in 223.3972 ms",1,
"7/16/2026, 11:01:05.379 AM","HTTP GET /api/Customers responded 200 in 70.6494 ms",1,
"7/16/2026, 11:01:03.498 AM","HTTP GET /api/Consents/active responded 200 in 30.7842 ms",1,
"7/16/2026, 11:01:03.408 AM","HTTP GET /api/api/consent/retailer/check responded 404 in 0.5630 ms",1,
"7/16/2026, 11:01:03.160 AM","HTTP POST /api/Auth/login responded 200 in 343.5402 ms",1,
"7/16/2026, 11:01:03.160 AM","Login successful for mobile number: 8793583672",1,
"7/16/2026, 11:01:03.160 AM","Login successful for mobile number: 8793583672, user ID: 712345cf-0302-46e4-b871-8ba8547a38e4",1,
"7/16/2026, 11:01:02.817 AM","Attempting login for mobile number: 8793583672",1,
"7/16/2026, 11:01:02.817 AM","Login attempt for mobile number: 8793583672",1,
"7/16/2026, 11:00:08.172 AM","HTTP POST /api/Auth/login responded 400 in 1087.0912 ms",1,
"7/16/2026, 11:00:08.171 AM","Login failed for mobile number: 8793583672. Errors: Invalid mobile number or password",2,
"7/16/2026, 11:00:08.171 AM","Login failed - invalid password for mobile number: 8793583672",2,
"7/16/2026, 11:00:07.091 AM","Attempting login for mobile number: 8793583672",1,
"7/16/2026, 11:00:07.091 AM","Login attempt for mobile number: 8793583672",1,
"7/16/2026, 10:55:51.930 AM","HTTP GET /api/CustomerAddresses/customer/fdce0b9a-c484-4f11-a758-1abd567d6ac8/default responded 200 in 9.7523 ms",1,
"7/16/2026, 10:55:41.843 AM","HTTP GET /api/Consents/active responded 403 in 8.6921 ms",1,
"7/16/2026, 10:55:41.842 AM","Authorization denied: UserId c1133d28-e0d7-4165-bf4a-180ceddb60c5 lacks permission 'ReadConsents'",2,
"7/16/2026, 10:55:41.774 AM","HTTP GET /api/api/consent/retailer/check responded 404 in 0.4767 ms",1,
"7/16/2026, 10:55:41.483 AM","HTTP POST /api/Auth/login responded 200 in 318.0779 ms",1,
"7/16/2026, 10:55:41.483 AM","Login successful for mobile number: 7698897660",1,
"7/16/2026, 10:55:41.483 AM","Login successful for mobile number: 7698897660, user ID: c1133d28-e0d7-4165-bf4a-180ceddb60c5",1,
"7/16/2026, 10:55:41.167 AM","Attempting login for mobile number: 7698897660",1,
"7/16/2026, 10:55:41.167 AM","Login attempt for mobile number: 7698897660",1,
"7/16/2026, 10:54:55.987 AM","HTTP POST /api/Customers/register responded 201 in 1789.4652 ms",1,
"7/16/2026, 10:54:55.984 AM","Customer address ""0e4ba7a1-7740-4931-ae98-17d6b034e5e6"" created successfully for customer ""fdce0b9a-c484-4f11-a758-1abd567d6ac8""",1,
"7/16/2026, 10:54:55.978 AM","Creating customer address for customer ""fdce0b9a-c484-4f11-a758-1abd567d6ac8"", IsDefault: true",1,
"7/16/2026, 10:54:55.978 AM","Customer registered successfully with CustomerId ""fdce0b9a-c484-4f11-a758-1abd567d6ac8"" and mobile number 7698897660",1,
"7/16/2026, 10:51:15.169 AM","HTTP GET /api/Customers/38ab9dcf-18bd-4de0-b37b-e5290607dfd3 responded 200 in 76.5599 ms",1,
"7/16/2026, 10:51:14.930 AM","HTTP GET /api/Customers/by-mobile/9865743201 responded 200 in 88.8237 ms",1,
"7/16/2026, 10:51:07.930 AM","HTTP POST /api/Orders responded 404 in 5233.4343 ms",1,
"7/16/2026, 10:51:07.929 AM","CreateOrder: No service region found for postal code: 411002",2,
"7/16/2026, 10:51:07.929 AM","AssignRejectOrderToCustomerSupport failed: No service region found for postal code 411002, Order 5",2,
"7/16/2026, 10:51:07.859 AM","Order 5: No eligible chemists found in postal code 411002, assigning to customer support",1,
"7/16/2026, 10:51:07.857 AM","Order 5: Address missing coordinates, falling back to postal code based assignment",1,
"7/16/2026, 10:51:07.848 AM","Order 5 created successfully for Customer ""38ab9dcf-18bd-4de0-b37b-e5290607dfd3"" with OrderNumber 1O78US8BIB",1,
"7/16/2026, 10:51:07.842 AM","File uploaded to blob Files/Orders/Images/c6e1df480e204049bdf4b1c40ea05104.jpg",1,
"7/16/2026, 10:51:06.422 AM","Uploading file to blob Files/Orders/Images/c6e1df480e204049bdf4b1c40ea05104.jpg",1,
"7/16/2026, 10:51:01.670 AM","HTTP GET /api/Consents/active responded 403 in 8.6804 ms",1,
"7/16/2026, 10:51:01.669 AM","Authorization denied: UserId ab45f733-65a6-42bf-b1d1-f8695d707d5f lacks permission 'ReadConsents'",2,
"7/16/2026, 10:50:55.025 AM","HTTP POST /api/Orders responded 404 in 4417.3619 ms",1,
"7/16/2026, 10:50:55.025 AM","CreateOrder: No service region found for postal code: 411002",2,
"7/16/2026, 10:50:55.025 AM","AssignRejectOrderToCustomerSupport failed: No service region found for postal code 411002, Order 4",2,
"7/16/2026, 10:50:55.020 AM","Order 4: No eligible chemists found in postal code 411002, assigning to customer support",1,
"7/16/2026, 10:50:55.018 AM","Order 4: Address missing coordinates, falling back to postal code based assignment",1,
"7/16/2026, 10:50:55.010 AM","Order 4 created successfully for Customer ""38ab9dcf-18bd-4de0-b37b-e5290607dfd3"" with OrderNumber N7PWIXLYES",1,
"7/16/2026, 10:50:55.004 AM","File uploaded to blob Files/Orders/Images/258b27fed4d3429caf972c70db0c5cbb.jpg",1,
"7/16/2026, 10:50:53.609 AM","Uploading file to blob Files/Orders/Images/258b27fed4d3429caf972c70db0c5cbb.jpg",1,
"7/16/2026, 10:50:48.100 AM","HTTP GET /api/Consents/active responded 403 in 12.2617 ms",1,
"7/16/2026, 10:50:48.100 AM","Authorization denied: UserId ab45f733-65a6-42bf-b1d1-f8695d707d5f lacks permission 'ReadConsents'",2,
"7/16/2026, 10:50:40.260 AM","HTTP POST /api/Orders responded 404 in 4864.6405 ms",1,
"7/16/2026, 10:50:40.260 AM","CreateOrder: No service region found for postal code: 411002",2,
"7/16/2026, 10:50:40.259 AM","AssignRejectOrderToCustomerSupport failed: No service region found for postal code 411002, Order 3",2,
"7/16/2026, 10:50:40.254 AM","Order 3: No eligible chemists found in postal code 411002, assigning to customer support",1,
"7/16/2026, 10:50:40.252 AM","Order 3: Address missing coordinates, falling back to postal code based assignment",1,
"7/16/2026, 10:50:40.242 AM","Order 3 created successfully for Customer ""38ab9dcf-18bd-4de0-b37b-e5290607dfd3"" with OrderNumber VIY3TLH3X5",1,
"7/16/2026, 10:50:40.236 AM","File uploaded to blob Files/Orders/Images/5b1a4afa31184064967c0e4296ff5efa.jpg",1,
"7/16/2026, 10:50:38.845 AM","Uploading file to blob Files/Orders/Images/5b1a4afa31184064967c0e4296ff5efa.jpg",1,
"7/16/2026, 10:50:34.049 AM","HTTP GET /api/Consents/active responded 403 in 8.3480 ms",1,
"7/16/2026, 10:50:34.049 AM","Authorization denied: UserId ab45f733-65a6-42bf-b1d1-f8695d707d5f lacks permission 'ReadConsents'",2,
"7/16/2026, 10:50:26.673 AM","HTTP POST /api/Orders responded 404 in 6539.6481 ms",1,
"7/16/2026, 10:50:26.669 AM","CreateOrder: No service region found for postal code: 411002",2,
"7/16/2026, 10:50:26.668 AM","AssignRejectOrderToCustomerSupport failed: No service region found for postal code 411002, Order 2",2,
"7/16/2026, 10:50:26.629 AM","Order 2: No eligible chemists found in postal code 411002, assigning to customer support",1,
"7/16/2026, 10:50:26.562 AM","Order 2: Address missing coordinates, falling back to postal code based assignment",1,
"7/16/2026, 10:50:26.361 AM","Order 2 created successfully for Customer ""38ab9dcf-18bd-4de0-b37b-e5290607dfd3"" with OrderNumber Q1OPQ0X3BW",1,
"7/16/2026, 10:50:25.951 AM","File uploaded to blob Files/Orders/Images/36eb2e8dd1a444599fd5a70c98f7b5b5.jpg",1,
"7/16/2026, 10:50:24.466 AM","Uploading file to blob Files/Orders/Images/36eb2e8dd1a444599fd5a70c98f7b5b5.jpg",1,
"7/16/2026, 10:50:18.404 AM","HTTP GET /api/Consents/active responded 403 in 9.8173 ms",1,
"7/16/2026, 10:50:18.403 AM","Authorization denied: UserId ab45f733-65a6-42bf-b1d1-f8695d707d5f lacks permission 'ReadConsents'",2,
"7/16/2026, 10:49:49.530 AM","HTTP GET /api/CustomerAddresses/customer/38ab9dcf-18bd-4de0-b37b-e5290607dfd3 responded 200 in 14.5264 ms",1,
"7/16/2026, 10:49:36.684 AM","HTTP GET /api/Customers/38ab9dcf-18bd-4de0-b37b-e5290607dfd3 responded 200 in 209.0814 ms",1,
"7/16/2026, 10:49:36.175 AM","HTTP GET /api/Customers/by-mobile/9865743201 responded 200 in 118.0634 ms",1,
"7/16/2026, 10:49:28.961 AM","HTTP GET /api/CustomerAddresses/customer/38ab9dcf-18bd-4de0-b37b-e5290607dfd3/default responded 200 in 63.9531 ms",1,
"7/16/2026, 10:49:24.327 AM","HTTP GET /api/Consents/active responded 403 in 482.6580 ms",1,
"7/16/2026, 10:49:24.266 AM","Authorization denied: UserId ab45f733-65a6-42bf-b1d1-f8695d707d5f lacks permission 'ReadConsents'",2,
"7/16/2026, 10:49:23.765 AM","HTTP GET /api/api/consent/retailer/check responded 404 in 106.3719 ms",1,
"7/16/2026, 10:49:23.368 AM","HTTP POST /api/Auth/login responded 200 in 1163.5163 ms",1,
"7/16/2026, 10:49:23.364 AM","Login successful for mobile number: 9865743201",1,
"7/16/2026, 10:49:23.363 AM","Login successful for mobile number: 9865743201, user ID: ab45f733-65a6-42bf-b1d1-f8695d707d5f",1,
"7/16/2026, 10:49:22.267 AM","Attempting login for mobile number: 9865743201",1,
"7/16/2026, 10:49:22.266 AM","Login attempt for mobile number: 9865743201",1,
"7/16/2026, 10:48:42.482 AM","HTTP POST /api/Customers/register responded 201 in 5505.0456 ms",1,
"7/16/2026, 10:48:42.278 AM","Customer address ""806e850c-a0fb-4153-92f3-79bb27ce2a60"" created successfully for customer ""38ab9dcf-18bd-4de0-b37b-e5290607dfd3""",1,
"7/16/2026, 10:48:41.983 AM","Creating customer address for customer ""38ab9dcf-18bd-4de0-b37b-e5290607dfd3"", IsDefault: true",1,
"7/16/2026, 10:48:41.980 AM","Customer registered successfully with CustomerId ""38ab9dcf-18bd-4de0-b37b-e5290607dfd3"" and mobile number 9865743201",1,
"7/16/2026, 10:48:36.978 AM","Failed to determine the https port for redirect.",2,
"7/16/2026, 10:48:32.227 AM","The WebRootPath was not found: /app/wwwroot. Static files may be unavailable.",2,
"7/16/2026, 10:48:32.080 AM","No XML encryptor configured. Key {3a1725c2-9ae6-4d1d-a05a-3f7baf716133} may be persisted to storage in unencrypted form.",2,
"7/16/2026, 10:48:32.065 AM","Storing keys in a directory '/home/app/.aspnet/DataProtection-Keys' that may not be persisted outside of the container. Protected data will be unavailable when container is destroyed. For more information go to https://aka.ms/aspnet/dataprotectionwarning",2,
"7/16/2026, 10:48:32.054 AM","Medicine Delivery API is starting up. Environment=Production, BuildTimeUtc=""2026-07-15T18:41:56.0000000Z""",1,
"7/16/2026, 10:48:32.033 AM","Application configured and ready to start",1,
"7/16/2026, 10:14:40.330 AM","HTTP GET /api/CustomerAddresses/customer/c10c5ee1-3636-487f-844a-bc049ca0cbff/default responded 200 in 10.9091 ms",1,
"7/16/2026, 10:14:38.260 AM","HTTP GET /api/Consents/active responded 403 in 6.6303 ms",1,
"7/16/2026, 10:14:38.260 AM","Authorization denied: UserId f15bf6cd-5e4d-4a6c-ab78-486067694c53 lacks permission 'ReadConsents'",2,
"7/16/2026, 10:14:38.187 AM","HTTP GET /api/api/consent/retailer/check responded 404 in 0.3125 ms",1,
"7/16/2026, 10:14:38.015 AM","HTTP POST /api/Auth/login responded 200 in 307.8395 ms",1,
"7/16/2026, 10:14:38.014 AM","Login successful for mobile number: 7788985060",1,
"7/16/2026, 10:14:38.014 AM","Login successful for mobile number: 7788985060, user ID: f15bf6cd-5e4d-4a6c-ab78-486067694c53",1,
"7/16/2026, 10:14:37.708 AM","Attempting login for mobile number: 7788985060",1,
"7/16/2026, 10:14:37.708 AM","Login attempt for mobile number: 7788985060",1,
"7/16/2026, 10:14:08.114 AM","HTTP POST /api/Customers/register responded 201 in 522.8255 ms",1,
"7/16/2026, 10:14:08.108 AM","Customer address ""6368c40a-4c52-4e34-a5cc-b82ff5c55c5f"" created successfully for customer ""c10c5ee1-3636-487f-844a-bc049ca0cbff""",1,
"7/16/2026, 10:14:08.101 AM","Creating customer address for customer ""c10c5ee1-3636-487f-844a-bc049ca0cbff"", IsDefault: true",1,
"7/16/2026, 10:14:08.101 AM","Customer registered successfully with CustomerId ""c10c5ee1-3636-487f-844a-bc049ca0cbff"" and mobile number 7788985060",1,
"7/16/2026, 10:10:09.243 AM","HTTP GET /api/CustomerAddresses/customer/7848232d-8c57-4cdc-92bf-c2b64043105d/default responded 200 in 13.6359 ms",1,
"7/16/2026, 10:10:05.919 AM","HTTP GET /api/CustomerAddresses/customer/7848232d-8c57-4cdc-92bf-c2b64043105d responded 200 in 7.5751 ms",1,
"7/16/2026, 10:10:05.656 AM","HTTP GET /api/Customers/my-profile responded 200 in 8.8450 ms",1,
"7/16/2026, 10:10:01.198 AM","HTTP GET /api/CustomerAddresses/customer/7848232d-8c57-4cdc-92bf-c2b64043105d/default responded 200 in 76.3231 ms",1,
"7/16/2026, 10:07:32.806 AM","HTTP GET /api/CustomerAddresses/customer/7848232d-8c57-4cdc-92bf-c2b64043105d responded 200 in 7.7502 ms",1,
"7/16/2026, 10:07:32.503 AM","HTTP DELETE /api/CustomerAddresses/c192bd1c-e080-4f2c-a60b-725cc3ef6d66 responded 204 in 98.2621 ms",1,
"7/16/2026, 10:07:32.502 AM","Customer address ""c192bd1c-e080-4f2c-a60b-725cc3ef6d66"" soft-deleted successfully",1,
"7/16/2026, 10:07:32.417 AM","Deleting customer address ""c192bd1c-e080-4f2c-a60b-725cc3ef6d66"" (soft delete)",1,
"7/16/2026, 10:07:13.390 AM","HTTP GET /api/CustomerAddresses/customer/7848232d-8c57-4cdc-92bf-c2b64043105d responded 200 in 50.4673 ms",1,
"7/16/2026, 10:07:13.112 AM","HTTP POST /api/CustomerAddresses responded 201 in 71.4986 ms",1,
"7/16/2026, 10:07:13.110 AM","Customer address ""c192bd1c-e080-4f2c-a60b-725cc3ef6d66"" created successfully for customer ""7848232d-8c57-4cdc-92bf-c2b64043105d""",1,
"7/16/2026, 10:07:13.100 AM","Creating customer address for customer ""7848232d-8c57-4cdc-92bf-c2b64043105d"", IsDefault: false",1,
"7/16/2026, 10:06:52.584 AM","HTTP GET /api/CustomerAddresses/customer/7848232d-8c57-4cdc-92bf-c2b64043105d responded 200 in 100.4369 ms",1,
"7/16/2026, 10:06:52.304 AM","HTTP GET /api/Customers/my-profile responded 200 in 82.1167 ms",1,
"7/16/2026, 10:06:49.505 AM","HTTP GET /api/CustomerAddresses/customer/7848232d-8c57-4cdc-92bf-c2b64043105d/default responded 200 in 20.1952 ms",1,
"7/16/2026, 10:06:44.813 AM","HTTP GET /api/Consents/active responded 403 in 428.8211 ms",1,
"7/16/2026, 10:06:44.811 AM","Authorization denied: UserId 7bfc1358-f113-46bc-8ef0-5b29a21c7ef6 lacks permission 'ReadConsents'",2,
"7/16/2026, 10:06:44.317 AM","HTTP GET /api/api/consent/retailer/check responded 404 in 22.7989 ms",1,
"7/16/2026, 10:06:43.997 AM","HTTP POST /api/Auth/login responded 200 in 661.3074 ms",1,
"7/16/2026, 10:06:43.985 AM","Login successful for mobile number: 8904408776",1,
"7/16/2026, 10:06:43.985 AM","Login successful for mobile number: 8904408776, user ID: 7bfc1358-f113-46bc-8ef0-5b29a21c7ef6",1,
"7/16/2026, 10:06:43.337 AM","Attempting login for mobile number: 8904408776",1,
"7/16/2026, 10:06:43.337 AM","Login attempt for mobile number: 8904408776",1,
"7/16/2026, 10:06:00.801 AM","HTTP POST /api/Customers/register responded 201 in 2237.2627 ms",1,
"7/16/2026, 10:06:00.690 AM","Customer address ""9d19fa93-dc4b-445b-9a8f-673cff2e3660"" created successfully for customer ""7848232d-8c57-4cdc-92bf-c2b64043105d""",1,
"7/16/2026, 10:06:00.412 AM","Creating customer address for customer ""7848232d-8c57-4cdc-92bf-c2b64043105d"", IsDefault: true",1,
"7/16/2026, 10:06:00.410 AM","Customer registered successfully with CustomerId ""7848232d-8c57-4cdc-92bf-c2b64043105d"" and mobile number 8904408776",1,
"7/16/2026, 10:00:44.401 AM","HTTP POST /api/Auth/verify-otp-reset-password responded 400 in 1426.4692 ms",1,
"7/16/2026, 10:00:44.401 AM","OTP reset failed for phone: 7788004040. Errors: Invalid OTP. Please try again.",2,
"7/16/2026, 10:00:44.401 AM","VerifyOtpAndResetPassword - invalid OTP for phone: 7788004040",2,
"7/16/2026, 10:00:42.983 AM","Verify OTP and reset password for phone: 7788004040",1,
"7/16/2026, 10:00:42.981 AM","Verify OTP and reset password for phone: 7788004040",1,
"7/16/2026, 9:59:36.715 AM","HTTP POST /api/Auth/forgot-password responded 200 in 770.4968 ms",1,
"7/16/2026, 9:59:36.714 AM","Forgot-password OTP sent for phone: 7788004040",1,
"7/16/2026, 9:59:36.714 AM","MSG91 OTP SMS sent to 7788004040.",1,
"7/16/2026, 9:59:35.957 AM","Send forgot-password OTP request for phone: 7788004040",1,
"7/16/2026, 9:59:35.955 AM","Forgot-password OTP request for phone: 7788004040",1,
"7/16/2026, 9:58:46.163 AM","HTTP POST /api/Customers/register responded 400 in 3.6693 ms",1,
"7/16/2026, 9:58:46.163 AM","Customer registration failed: customer with mobile number 7788004040 already exists",2,
"7/16/2026, 9:58:40.783 AM","HTTP POST /api/Customers/register responded 400 in 101.2513 ms",1,
"7/16/2026, 9:58:40.783 AM","Customer registration failed: customer with mobile number 7788004040 already exists",2,
"7/16/2026, 9:58:22.428 AM","HTTP POST /api/Customers/register responded 400 in 10.5460 ms",1,
"7/16/2026, 9:58:22.428 AM","Customer registration failed: customer with mobile number 7788004040 already exists",2,
"7/16/2026, 9:58:08.705 AM","HTTP POST /api/Customers/register responded 400 in 617.1134 ms",1,
"7/16/2026, 9:58:08.703 AM","Customer registration failed: customer with mobile number 7788004040 already exists",2,
"7/16/2026, 9:55:25.498 AM","HTTP POST /api/Auth/login responded 400 in 629.2629 ms",1,
"7/16/2026, 9:55:25.406 AM","Login failed for mobile number: 7788004040. Errors: Invalid mobile number or password",2,
"7/16/2026, 9:55:25.406 AM","Login failed - invalid password for mobile number: 7788004040",2,
"7/16/2026, 9:55:24.873 AM","Attempting login for mobile number: 7788004040",1,
"7/16/2026, 9:55:24.873 AM","Login attempt for mobile number: 7788004040",1,
"7/16/2026, 9:54:55.507 AM","HTTP POST /api/Auth/login responded 400 in 6149.8653 ms",1,
"7/16/2026, 9:54:55.403 AM","Login failed for mobile number: 7788004040. Errors: Invalid mobile number or password",2,
"7/16/2026, 9:54:55.403 AM","Login failed - invalid password for mobile number: 7788004040",2,
"7/16/2026, 9:54:49.491 AM","Attempting login for mobile number: 7788004040",1,
"7/16/2026, 9:54:49.490 AM","Login attempt for mobile number: 7788004040",1,
"7/16/2026, 9:54:49.358 AM","Failed to determine the https port for redirect.",2,
"7/16/2026, 9:54:43.890 AM","The WebRootPath was not found: /app/wwwroot. Static files may be unavailable.",2,
"7/16/2026, 9:54:43.745 AM","No XML encryptor configured. Key {84b0700a-cb5d-45a1-a2d9-d7c629f9a1db} may be persisted to storage in unencrypted form.",2,
"7/16/2026, 9:54:43.723 AM","Storing keys in a directory '/home/app/.aspnet/DataProtection-Keys' that may not be persisted outside of the container. Protected data will be unavailable when container is destroyed. For more information go to https://aka.ms/aspnet/dataprotectionwarning",2,
"7/16/2026, 9:54:43.711 AM","Medicine Delivery API is starting up. Environment=Production, BuildTimeUtc=""2026-07-15T18:41:56.0000000Z""",1,
"7/16/2026, 9:54:43.691 AM","Application configured and ready to start",1,
"7/16/2026, 7:25:28.189 AM","HTTP POST /api/Customers/register responded 201 in 1916.2849 ms",1,
"7/16/2026, 7:25:28.135 AM","Customer address ""ef78598e-1f4d-44df-9352-7d27ef8798ae"" created successfully for customer ""96e67db0-0e54-4855-971f-8fad1f5358b9""",1,
"7/16/2026, 7:25:28.075 AM","Creating customer address for customer ""96e67db0-0e54-4855-971f-8fad1f5358b9"", IsDefault: true",1,
"7/16/2026, 7:25:28.073 AM","Customer registered successfully with CustomerId ""96e67db0-0e54-4855-971f-8fad1f5358b9"" and mobile number 7788004040",1,
"7/16/2026, 7:25:26.273 AM","Failed to determine the https port for redirect.",2,
"7/16/2026, 7:25:22.372 AM","The WebRootPath was not found: /app/wwwroot. Static files may be unavailable.",2,
"7/16/2026, 7:25:22.228 AM","No XML encryptor configured. Key {0a6e8a88-bab6-4216-be9c-394676666cc5} may be persisted to storage in unencrypted form.",2,
"7/16/2026, 7:25:22.212 AM","Storing keys in a directory '/home/app/.aspnet/DataProtection-Keys' that may not be persisted outside of the container. Protected data will be unavailable when container is destroyed. For more information go to https://aka.ms/aspnet/dataprotectionwarning",2,
"7/16/2026, 7:25:22.201 AM","Medicine Delivery API is starting up. Environment=Production, BuildTimeUtc=""2026-07-15T18:41:56.0000000Z""",1,
"7/16/2026, 7:25:22.180 AM","Application configured and ready to start",1,
"7/16/2026, 7:17:24.421 AM","HTTP GET /api/CustomerAddresses/customer/6006987f-32e0-4155-af4a-391c0c441e59/default responded 200 in 11.8436 ms",1,
"7/16/2026, 7:17:22.115 AM","HTTP GET /api/CustomerAddresses/customer/6006987f-32e0-4155-af4a-391c0c441e59 responded 200 in 36.1771 ms",1,
"7/16/2026, 7:17:21.935 AM","HTTP GET /api/Customers/my-profile responded 200 in 13.6169 ms",1,
"7/16/2026, 7:17:17.131 AM","HTTP GET /api/CustomerAddresses/customer/6006987f-32e0-4155-af4a-391c0c441e59/default responded 200 in 11.2146 ms",1,
"7/16/2026, 7:16:51.182 AM","HTTP GET /api/CustomerAddresses/customer/6006987f-32e0-4155-af4a-391c0c441e59 responded 200 in 17.4365 ms",1,
"7/16/2026, 7:16:51.066 AM","HTTP GET /api/Customers/my-profile responded 200 in 26.5701 ms",1,
"7/16/2026, 7:16:24.786 AM","HTTP GET /api/Customers/6006987f-32e0-4155-af4a-391c0c441e59 responded 200 in 25.7201 ms",1,
"7/16/2026, 7:16:24.616 AM","HTTP GET /api/Customers/by-mobile/9988066070 responded 200 in 22.6862 ms",1,
"7/16/2026, 7:16:11.282 AM","HTTP GET /api/Customers/6006987f-32e0-4155-af4a-391c0c441e59 responded 200 in 38.4375 ms",1,
"7/16/2026, 7:16:11.106 AM","HTTP GET /api/Customers/by-mobile/9988066070 responded 200 in 24.1438 ms",1,
"7/16/2026, 7:16:04.500 AM","HTTP GET /api/Customers/6006987f-32e0-4155-af4a-391c0c441e59 responded 200 in 299.5487 ms",1,
"7/16/2026, 7:16:03.887 AM","HTTP GET /api/Customers/by-mobile/9988066070 responded 200 in 208.0660 ms",1,
"7/16/2026, 7:16:01.266 AM","HTTP GET /api/CustomerAddresses/customer/6006987f-32e0-4155-af4a-391c0c441e59/default responded 200 in 26.0881 ms",1,
"7/16/2026, 7:15:55.929 AM","HTTP GET /api/Consents/active responded 403 in 9.9121 ms",1,
"7/16/2026, 7:15:55.929 AM","Authorization denied: UserId 56758f59-71ef-4b00-9b9a-685ebb5fc6e1 lacks permission 'ReadConsents'",2,
"7/16/2026, 7:15:55.881 AM","HTTP GET /api/api/consent/retailer/check responded 404 in 0.3947 ms",1,
"7/16/2026, 7:15:55.722 AM","HTTP POST /api/Auth/login responded 200 in 361.6720 ms",1,
"7/16/2026, 7:15:55.722 AM","Login successful for mobile number: 9988066070",1,
"7/16/2026, 7:15:55.722 AM","Login successful for mobile number: 9988066070, user ID: 56758f59-71ef-4b00-9b9a-685ebb5fc6e1",1,
"7/16/2026, 7:15:55.366 AM","Attempting login for mobile number: 9988066070",1,
"7/16/2026, 7:15:55.366 AM","Login attempt for mobile number: 9988066070",1,
"7/16/2026, 7:15:31.432 AM","HTTP POST /api/Customers/register responded 201 in 2830.3569 ms",1,
"7/16/2026, 7:15:31.320 AM","Customer address ""79b26acc-72b6-4c81-9638-16d2dcd26f95"" created successfully for customer ""6006987f-32e0-4155-af4a-391c0c441e59""",1,
"7/16/2026, 7:15:31.110 AM","Creating customer address for customer ""6006987f-32e0-4155-af4a-391c0c441e59"", IsDefault: true",1,
"7/16/2026, 7:15:31.085 AM","Customer registered successfully with CustomerId ""6006987f-32e0-4155-af4a-391c0c441e59"" and mobile number 9988066070",1,
"7/16/2026, 7:08:29.310 AM","HTTP GET /api/chemist-payout/91c84264-c03a-46d3-aee4-acb55b86ae10 responded 404 in 55.3768 ms",1,
"7/16/2026, 7:08:29.218 AM","HTTP POST /api/chemist-payout/refresh/91c84264-c03a-46d3-aee4-acb55b86ae10 responded 404 in 78.5279 ms",1,
"7/16/2026, 7:08:29.157 AM","Chemist payout refresh requested for ""91c84264-c03a-46d3-aee4-acb55b86ae10""",1,
"7/16/2026, 7:08:28.726 AM","HTTP GET /api/MedicalStores/by-email/boranasunil218@gmail.com responded 200 in 18.6035 ms",1,
"7/16/2026, 7:08:25.590 AM","HTTP GET /api/Consents/active responded 403 in 13.9089 ms",1,
"7/16/2026, 7:08:25.589 AM","Authorization denied: UserId 8abd194a-6dec-4527-94bb-d63588ef4bf8 lacks permission 'ReadConsents'",2,
"7/16/2026, 7:08:25.546 AM","HTTP GET /api/api/consent/retailer/check responded 404 in 0.9927 ms",1,
"7/16/2026, 7:08:25.386 AM","HTTP GET /api/MedicalStores/by-email/boranasunil218@gmail.com responded 200 in 736.9427 ms",1,
"7/16/2026, 7:08:23.878 AM","HTTP POST /api/Auth/login responded 200 in 701.6393 ms",1,
"7/16/2026, 7:08:23.816 AM","Login successful for mobile number: 7219595525",1,
"7/16/2026, 7:08:23.816 AM","Login successful for mobile number: 7219595525, user ID: 8abd194a-6dec-4527-94bb-d63588ef4bf8",1,
"7/16/2026, 7:08:23.179 AM","Attempting login for mobile number: 7219595525",1,
"7/16/2026, 7:08:23.178 AM","Login attempt for mobile number: 7219595525",1,
"7/16/2026, 7:07:54.910 AM","HTTP POST /api/Auth/login responded 400 in 889.4966 ms",1,
"7/16/2026, 7:07:54.820 AM","Login failed for mobile number: 7219595525. Errors: Invalid mobile number or password",2,
"7/16/2026, 7:07:54.819 AM","Login failed - invalid password for mobile number: 7219595525",2,
"7/16/2026, 7:07:54.034 AM","Attempting login for mobile number: 7219595525",1,
"7/16/2026, 7:07:54.033 AM","Login attempt for mobile number: 7219595525",1,
"7/16/2026, 7:07:16.114 AM","HTTP POST /api/MedicalStores/register responded 400 in 265.1973 ms",1,
"7/16/2026, 7:07:16.114 AM","Medical store registration failed: store with email boranasunil218@gmail.com already exists",2,
"7/16/2026, 7:07:15.851 AM","RegisterMedicalStore requested for Email=boranasunil218@gmail.com",1,
"7/16/2026, 7:07:15.724 AM","HTTP POST /api/MedicalStores/register responded 400 in 6845.6045 ms",1,
"7/16/2026, 7:07:15.615 AM","HTTP POST /api/MedicalStores/register responded 200 in 8207.1235 ms",1,
"7/16/2026, 7:07:15.316 AM","Failed executing DbCommand (966ms) [Parameters=[@p0='?', @p1='?' (DbType = Int32), @p2='?', @p3='?' (DbType = DateTime), @p4='?', @p5='?' (DbType = Boolean), @p6='?', @p7='?', @p8='?' (DbType = Boolean), @p9='?' (DbType = DateTime), @p10='?', @p11='?' (DbType = Boolean), @p12='?' (DbType = DateTime), @p13='?', @p14='?', @p15='?', @p16='?', @p17='?' (DbType = Boolean), @p18='?', @p19='?' (DbType = Boolean), @p20='?'], CommandType='""Text""', CommandTimeout='30']
INSERT INTO ""AspNetUsers"" (""Id"", ""AccessFailedCount"", ""ConcurrencyStamp"", ""CreatedAt"", ""Email"", ""EmailConfirmed"", ""FirstName"", ""Gender"", ""IsActive"", ""LastLoginAt"", ""LastName"", ""LockoutEnabled"", ""LockoutEnd"", ""NormalizedEmail"", ""NormalizedUserName"", ""PasswordHash"", ""PhoneNumber"", ""PhoneNumberConfirmed"", ""SecurityStamp"", ""TwoFactorEnabled"", ""UserName"")
VALUES (@p0, @p1, @p2, @p3, @p4, @p5, @p6, @p7, @p8, @p9, @p10, @p11, @p12, @p13, @p14, @p15, @p16, @p17, @p18, @p19, @p20);",3,
"7/16/2026, 7:07:15.234 AM","Medical store registered successfully with MedicalStoreId ""91c84264-c03a-46d3-aee4-acb55b86ae10"" and name Bhumika Medical",1,
"7/16/2026, 7:07:08.882 AM","RegisterMedicalStore requested for Email=boranasunil218@gmail.com",1,
"7/16/2026, 7:07:07.549 AM","RegisterMedicalStore requested for Email=boranasunil218@gmail.com",1,
"7/16/2026, 7:07:05.681 AM","HTTP GET /api/Consents/active responded 401 in 144.0167 ms",1,
"7/16/2026, 7:07:05.681 AM","HTTP GET /api/Consents/active responded 401 in 143.9644 ms",1,
"7/16/2026, 7:07:05.681 AM","HTTP GET /api/Consents/active responded 401 in 143.9799 ms",1,
"7/16/2026, 7:07:05.675 AM","Authorization failed: no user ID found in claims for permission 'ReadConsents'",2,
"7/16/2026, 7:07:05.675 AM","Authorization failed: no user ID found in claims for permission 'ReadConsents'",2,
"7/16/2026, 7:07:05.675 AM","Authorization failed: no user ID found in claims for permission 'ReadConsents'",2,
"7/16/2026, 7:07:05.538 AM","Failed to determine the https port for redirect.",2,
"7/16/2026, 7:07:02.500 AM","The WebRootPath was not found: /app/wwwroot. Static files may be unavailable.",2,
"7/16/2026, 7:07:02.313 AM","No XML encryptor configured. Key {abdd8752-17a0-409b-8ea5-21d56f7f92f1} may be persisted to storage in unencrypted form.",2,
"7/16/2026, 7:07:02.296 AM","Storing keys in a directory '/home/app/.aspnet/DataProtection-Keys' that may not be persisted outside of the container. Protected data will be unavailable when container is destroyed. For more information go to https://aka.ms/aspnet/dataprotectionwarning",2,
"7/16/2026, 7:07:02.284 AM","Medicine Delivery API is starting up. Environment=Production, BuildTimeUtc=""2026-07-15T18:41:56.0000000Z""",1,
"7/16/2026, 7:07:02.258 AM","Application configured and ready to start",1,
"7/15/2026, 6:52:43.941 PM","HTTP GET / responded 404 in 1.5369 ms",1,
"7/15/2026, 6:52:15.751 PM","HTTP GET / responded 404 in 16.9932 ms",1,
"7/15/2026, 6:52:15.735 PM","Failed to determine the https port for redirect.",2,
"7/15/2026, 6:52:14.621 PM","The WebRootPath was not found: /app/wwwroot. Static files may be unavailable.",2,
"7/15/2026, 6:52:14.473 PM","No XML encryptor configured. Key {b733f114-e4e7-4b47-a03d-b028149525ef} may be persisted to storage in unencrypted form.",2,
"7/15/2026, 6:52:14.457 PM","Storing keys in a directory '/home/app/.aspnet/DataProtection-Keys' that may not be persisted outside of the container. Protected data will be unavailable when container is destroyed. For more information go to https://aka.ms/aspnet/dataprotectionwarning",2,
"7/15/2026, 6:52:14.446 PM","Medicine Delivery API is starting up. Environment=Production, BuildTimeUtc=""2026-07-15T18:41:56.0000000Z""",1,
"7/15/2026, 6:52:14.423 PM","Application configured and ready to start",1,
"7/15/2026, 6:43:27.752 PM","The WebRootPath was not found: /app/wwwroot. Static files may be unavailable.",2,
"7/15/2026, 6:43:27.603 PM","No XML encryptor configured. Key {5f368a53-306f-400c-8c08-2b68931ffdfb} may be persisted to storage in unencrypted form.",2,
"7/15/2026, 6:43:27.588 PM","Storing keys in a directory '/home/app/.aspnet/DataProtection-Keys' that may not be persisted outside of the container. Protected data will be unavailable when container is destroyed. For more information go to https://aka.ms/aspnet/dataprotectionwarning",2,
"7/15/2026, 6:43:27.578 PM","Medicine Delivery API is starting up. Environment=Production, BuildTimeUtc=""2026-07-15T18:41:56.0000000Z""",1,
"7/15/2026, 6:43:27.558 PM","Application configured and ready to start",1,
"7/15/2026, 1:06:58.070 PM","HTTP GET /api/Consents/active responded 401 in 141.6113 ms",1,
"7/15/2026, 1:06:58.070 PM","HTTP GET /api/Consents/active responded 401 in 141.8013 ms",1,
"7/15/2026, 1:06:58.070 PM","HTTP GET /api/Consents/active responded 401 in 141.5347 ms",1,
"7/15/2026, 1:06:58.063 PM","Authorization failed: no user ID found in claims for permission 'ReadConsents'",2,
"7/15/2026, 1:06:58.063 PM","Authorization failed: no user ID found in claims for permission 'ReadConsents'",2,
"7/15/2026, 1:06:58.063 PM","Authorization failed: no user ID found in claims for permission 'ReadConsents'",2,
"7/15/2026, 1:06:57.930 PM","Failed to determine the https port for redirect.",2,
"7/15/2026, 1:06:54.614 PM","The WebRootPath was not found: /app/wwwroot. Static files may be unavailable.",2,
"7/15/2026, 1:06:54.472 PM","No XML encryptor configured. Key {94a4a0ad-2521-4c68-9d49-9d6b5a8dfb17} may be persisted to storage in unencrypted form.",2,
"7/15/2026, 1:06:54.456 PM","Storing keys in a directory '/home/app/.aspnet/DataProtection-Keys' that may not be persisted outside of the container. Protected data will be unavailable when container is destroyed. For more information go to https://aka.ms/aspnet/dataprotectionwarning",2,
"7/15/2026, 1:06:54.444 PM","Medicine Delivery API is starting up. Environment=Production, BuildTimeUtc=""2026-07-07T18:58:10.0000000Z""",1,
"7/15/2026, 1:06:54.424 PM","Application configured and ready to start",1,
"7/15/2026, 10:05:17.890 AM","HTTP GET /api/MedicalStores/by-email/royalmedical17@gmail.com responded 401 in 1.1011 ms",1,
"7/15/2026, 10:05:17.889 AM","Authorization failed: no user ID found in claims for permission 'ChemistRead'",2,
"7/15/2026, 10:04:12.176 AM","HTTP GET /api/MedicalStores/by-email/royalmedical17@gmail.com responded 401 in 1.8213 ms",1,
"7/15/2026, 10:04:12.176 AM","Authorization failed: no user ID found in claims for permission 'ChemistRead'",2,
"7/15/2026, 10:04:10.093 AM","HTTP GET /api/MedicalStores/by-email/royalmedical17@gmail.com responded 401 in 1.5422 ms",1,
"7/15/2026, 10:04:10.093 AM","Authorization failed: no user ID found in claims for permission 'ChemistRead'",2,
"7/15/2026, 10:04:08.902 AM","HTTP GET /api/MedicalStores/by-email/royalmedical17@gmail.com responded 401 in 9.4729 ms",1,
"7/15/2026, 10:04:08.902 AM","Authorization failed: no user ID found in claims for permission 'ChemistRead'",2,
"7/15/2026, 10:04:06.042 AM","HTTP GET /api/MedicalStores/by-email/royalmedical17@gmail.com responded 401 in 10.7168 ms",1,
"7/15/2026, 10:04:06.041 AM","Authorization failed: no user ID found in claims for permission 'ChemistRead'",2,
"7/15/2026, 10:03:59.543 AM","HTTP GET /api/MedicalStores/by-email/royalmedical17@gmail.com responded 401 in 146.2622 ms",1,
"7/15/2026, 10:03:59.538 AM","Authorization failed: no user ID found in claims for permission 'ChemistRead'",2,
"7/15/2026, 10:03:59.398 AM","Failed to determine the https port for redirect.",2,
"7/15/2026, 10:03:54.001 AM","The WebRootPath was not found: /app/wwwroot. Static files may be unavailable.",2,
"7/15/2026, 10:03:53.850 AM","No XML encryptor configured. Key {08508fc8-406d-4213-9cd9-ea264b9eeae4} may be persisted to storage in unencrypted form.",2,
"7/15/2026, 10:03:53.834 AM","Storing keys in a directory '/home/app/.aspnet/DataProtection-Keys' that may not be persisted outside of the container. Protected data will be unavailable when container is destroyed. For more information go to https://aka.ms/aspnet/dataprotectionwarning",2,
"7/15/2026, 10:03:53.822 AM","Medicine Delivery API is starting up. Environment=Production, BuildTimeUtc=""2026-07-07T18:58:10.0000000Z""",1,
"7/15/2026, 10:03:53.802 AM","Application configured and ready to start",1,
"7/15/2026, 9:00:21.962 AM","HTTP POST /api/Auth/login responded 400 in 7458.3220 ms",1,
"7/15/2026, 9:00:21.861 AM","Login failed for mobile number: 9988066070. Errors: Invalid mobile number or password",2,
"7/15/2026, 9:00:21.861 AM","Login failed - user not found for mobile number: 9988066070",2,
"7/15/2026, 9:00:15.349 AM","Attempting login for mobile number: 9988066070",1,
"7/15/2026, 9:00:15.347 AM","Login attempt for mobile number: 9988066070",1,
"7/15/2026, 9:00:14.546 AM","Failed to determine the https port for redirect.",2,
"7/15/2026, 9:00:06.297 AM","The WebRootPath was not found: /app/wwwroot. Static files may be unavailable.",2,
"7/15/2026, 9:00:06.123 AM","No XML encryptor configured. Key {7bcd27d6-47aa-4c73-be21-4f2b77f32e3b} may be persisted to storage in unencrypted form.",2,
"7/15/2026, 9:00:06.104 AM","Storing keys in a directory '/home/app/.aspnet/DataProtection-Keys' that may not be persisted outside of the container. Protected data will be unavailable when container is destroyed. For more information go to https://aka.ms/aspnet/dataprotectionwarning",2,
"7/15/2026, 9:00:06.091 AM","Medicine Delivery API is starting up. Environment=Production, BuildTimeUtc=""2026-07-07T18:58:10.0000000Z""",1,
"7/15/2026, 9:00:06.068 AM","Application configured and ready to start",1,
"7/15/2026, 7:37:27.411 AM","HTTP POST /api/Auth/login responded 400 in 1331.3593 ms",1,
"7/15/2026, 7:37:27.393 AM","Login failed for mobile number: 8788141037. Errors: Invalid mobile number or password",2,
"7/15/2026, 7:37:27.393 AM","Login failed - user not found for mobile number: 8788141037",2,
"7/15/2026, 7:37:26.218 AM","Attempting login for mobile number: 8788141037",1,
"7/15/2026, 7:37:26.217 AM","Login attempt for mobile number: 8788141037",1,
"7/15/2026, 7:37:26.081 AM","Failed to determine the https port for redirect.",2,
"7/15/2026, 7:37:22.699 AM","The WebRootPath was not found: /app/wwwroot. Static files may be unavailable.",2,
"7/15/2026, 7:37:22.522 AM","No XML encryptor configured. Key {7fde7ff3-bc96-4283-b1c5-18bf07687395} may be persisted to storage in unencrypted form.",2,
"7/15/2026, 7:37:22.506 AM","Storing keys in a directory '/home/app/.aspnet/DataProtection-Keys' that may not be persisted outside of the container. Protected data will be unavailable when container is destroyed. For more information go to https://aka.ms/aspnet/dataprotectionwarning",2,
"7/15/2026, 7:37:22.495 AM","Medicine Delivery API is starting up. Environment=Production, BuildTimeUtc=""2026-07-07T18:58:10.0000000Z""",1,
"7/15/2026, 7:37:22.475 AM","Application configured and ready to start",1,
